Genre,Total movies with this genre,Title,Year,Length,Rating
action,51732,Black Adam,2022,7.1,125
action,51732,The School for Good and Evil,2022,5.8,147
action,51732,Kantara,2022,9.1,148
action,51732,Im Westen nichts Neues,2022,7.9,148
action,51732,Bullet Train,2022,7.3,127
action,51732,Top Gun: Maverick,2022,8.4,130
action,51732,Everything Everywhere All at Once,2022,8.1,139
action,51732,The Northman,2022,7.1,137
action,51732,Thor: Love and Thunder,2022,6.4,118
action,51732,The Woman King,2022,6.7,135
action,51732,The Batman,2022,7.9,176
action,51732,Top Gun,1986,6.9,110
action,51732,The Lord of the Rings: The Fellowship of the Ring,2001,8.8,178
action,51732,The Lost City,2022,6.1,112
action,51732,Ram Setu,2022,5.2,140
action,51732,Blade of the 47 Ronin,2022,4.6,107
action,51732,Prey,2022,7.2,99
action,51732,Jurassic World: Dominion,2022,5.7,147
action,51732,Uncharted,2022,6.3,116
action,51732,Spider-Man: No Way Home,2021,8.3,148
action,51732,Lou,2022,6.1,107
action,51732,DC League of Super-Pets,2022,7.3,105
action,51732,Detective Knight: Rogue,2022,3.5,105
action,51732,The Gray Man,2022,6.5,122
action,51732,Ghostbusters,1984,7.8,105
action,51732,Dune: Part One,2021,8.0,155
action,51732,The Lair,2022,4.6,96
action,51732,Avengers: Endgame,2019,8.4,181
action,51732,The Dark Knight,2008,9.0,152
action,51732,Rogue One,2016,7.8,133
action,51732,Blackout,2022,3.8,81
action,51732,The Unbearable Weight of Massive Talent,2022,7.0,107
action,51732,Avatar,2009,7.8,162
action,51732,Doctor Strange in the Multiverse of Madness,2022,6.9,126
action,51732,Black Panther,2018,7.3,134
action,51732,Last Seen Alive,2022,5.6,95
action,51732,Enola Holmes 2,2022,6.9,129
action,51732,The Legend of Maula Jatt,2022,8.9,153
action,51732,No Time to Die,2021,7.3,163
action,51732,Memory,2022,5.7,114
action,51732,Inception,2010,8.8,148
action,51732,The Lord of the Rings: The Return of the King,2003,9.0,201
action,51732,RRR (Rise Roar Revolt),2022,8.0,187
action,51732,Morbius,2022,5.2,104
action,51732,Shazam!,2019,7.0,132
action,51732,The Suicide Squad,2021,7.2,132
action-comedy,499375,Black Adam,2022,7.1,125
action-comedy,499375,Barbarian,2022,7.2,102
action-comedy,499375,Terrifier 2,2022,6.4,138
action-comedy,499375,The School for Good and Evil,2022,5.8,147
action-comedy,499375,The Good Nurse,2022,6.9,121
action-comedy,499375,The Stranger,2022,6.6,117
action-comedy,499375,Don't Worry Darling,2022,6.2,123
action-comedy,499375,Halloween Ends,2022,5.0,111
action-comedy,499375,Kantara,2022,9.1,148
action-comedy,499375,Terrifier,2016,5.6,85
action-comedy,499375,Im Westen nichts Neues,2022,7.9,148
action-comedy,499375,Pearl,2022,7.1,103
action-comedy,499375,Ticket to Paradise,2022,6.2,104
action-comedy,499375,Smile,2022,6.8,115
action-comedy,499375,X,2022,6.6,105
action-comedy,499375,Bullet Train,2022,7.3,127
action-comedy,499375,The Banshees of Inisherin,2022,8.2,109
action-comedy,499375,Hocus Pocus,1993,6.9,96
action-comedy,499375,Luckiest Girl Alive,2022,6.4,113
action-comedy,499375,Hocus Pocus 2,2022,6.0,103
action-comedy,499375,Triangle of Sadness,2022,7.9,147
action-comedy,499375,Top Gun: Maverick,2022,8.4,130
action-comedy,499375,Hellraiser,2022,6.0,121
action-comedy,499375,Amsterdam,2022,6.2,134
action-comedy,499375,Tár,2022,8.2,158
action-comedy,499375,Nope,2022,6.9,130
action-comedy,499375,Halloween,1978,7.7,91
action-comedy,499375,Everything Everywhere All at Once,2022,8.1,139
action-comedy,499375,Fall,2022,6.4,107
action-comedy,499375,Prey for the Devil,2022,5.2,93
action-comedy,499375,The Northman,2022,7.1,137
action-comedy,499375,Raymond & Ray,2022,6.2,105
action-comedy,499375,The Curse of Bridge Hollow,2022,5.6,89
action-comedy,499375,Blonde,2022,5.5,167
action-comedy,499375,Thor: Love and Thunder,2022,6.4,118
action-comedy,499375,Beetle Juice,1988,7.5,92
action-comedy,499375,Bros,2022,6.4,115
action-comedy,499375,The Menu,2022,7.5,106
action-comedy,499375,The Woman King,2022,6.7,135
action-comedy,499375,The Black Phone,2021,6.9,103
action-comedy,499375,The Batman,2022,7.9,176
action-comedy,499375,Where the Crawdads Sing,2022,7.1,125
action-comedy,499375,Mr. Harrigan's Phone,2022,6.0,104
action-comedy,499375,Top Gun,1986,6.9,110
action-comedy,499375,Elvis,2022,7.4,159
adventure,25287,Black Adam,2022,7.1,125
adventure,25287,Kantara,2022,9.1,148
adventure,25287,Everything Everywhere All at Once,2022,8.1,139
adventure,25287,The Northman,2022,7.1,137
adventure,25287,The Curse of Bridge Hollow,2022,5.6,89
adventure,25287,Thor: Love and Thunder,2022,6.4,118
adventure,25287,The Lord of the Rings: The Fellowship of the Ring,2001,8.8,178
adventure,25287,Lyle, Lyle, Crocodile,2022,6.3,106
adventure,25287,Harry Potter and the Sorcerer's Stone,2001,7.6,152
adventure,25287,The Lost City,2022,6.1,112
adventure,25287,Ram Setu,2022,5.2,140
adventure,25287,Interstellar,2014,8.6,169
adventure,25287,Prey,2022,7.2,99
adventure,25287,Jurassic World: Dominion,2022,5.7,147
adventure,25287,Wendell & Wild,2022,6.6,105
adventure,25287,Uncharted,2022,6.3,116
adventure,25287,The Goonies,1985,7.7,114
adventure,25287,Spider-Man: No Way Home,2021,8.3,148
adventure,25287,DC League of Super-Pets,2022,7.3,105
adventure,25287,Dune: Part One,2021,8.0,155
adventure,25287,Avengers: Endgame,2019,8.4,181
adventure,25287,The Greatest Beer Run Ever,2022,6.8,126
adventure,25287,Rogue One,2016,7.8,133
adventure,25287,Ghostbusters: Afterlife,2021,7.1,124
adventure,25287,Avatar,2009,7.8,162
adventure,25287,Sing 2,2021,7.4,110
adventure,25287,Doctor Strange in the Multiverse of Madness,2022,6.9,126
adventure,25287,Black Panther,2018,7.3,134
adventure,25287,Catherine Called Birdy,2022,6.5,108
adventure,25287,Enola Holmes 2,2022,6.9,129
adventure,25287,Back to the Future,1985,8.5,116
adventure,25287,No Time to Die,2021,7.3,163
adventure,25287,Inception,2010,8.8,148
adventure,25287,The Lord of the Rings: The Return of the King,2003,9.0,201
adventure,25287,Morbius,2022,5.2,104
adventure,25287,Shazam!,2019,7.0,132
adventure,25287,Inglourious Basterds,2009,8.3,153
adventure,25287,The Suicide Squad,2021,7.2,132
adventure,25287,Scooby-Doo,2002,5.2,89
adventure,25287,Pinocchio,2022,5.1,105
adventure,25287,Enola Holmes,2020,6.6,123
adventure,25287,Zack Snyder's Justice League,2021,8.0,242
adventure,25287,Vesper,2022,6.0,114
adventure,25287,Man of Steel,2013,7.1,143
animation,8130,The Nightmare Before Christmas,1993,7.9,76
animation,8130,Lyle, Lyle, Crocodile,2022,6.3,106
animation,8130,Wendell & Wild,2022,6.6,105
animation,8130,DC League of Super-Pets,2022,7.3,105
animation,8130,Sing 2,2021,7.4,110
animation,8130,Coraline,2009,7.7,100
animation,8130,Pinocchio,2022,7.8,117
animation,8130,Corpse Bride,2005,7.3,77
animation,8130,Entergalactic,2022,7.4,93
animation,8130,Sing,2016,7.1,108
animation,8130,Minions: The Rise of Gru,2022,6.6,87
animation,8130,Hotel Transylvania,2012,7.0,91
animation,8130,Coco,2017,8.4,105
animation,8130,Encanto,2021,7.2,102
animation,8130,Monster House,2006,6.6,91
animation,8130,The Bad Guys,2022,6.8,100
animation,8130,The Addams Family,2019,5.8,86
animation,8130,Lightyear,2022,6.0,100
animation,8130,Sen to Chihiro no kamikakushi,2001,8.6,125
animation,8130,The Lion King,1994,8.5,88
animation,8130,Spider-Man: Into the Spider-Verse,2018,8.4,117
animation,8130,Ratatouille,2007,8.1,111
animation,8130,Cars,2006,7.2,117
animation,8130,Monsters, Inc.,2001,8.1,92
animation,8130,Sausage Party,2016,6.1,89
animation,8130,Frozen,2013,7.4,102
animation,8130,Hotel Transylvania: Transformania,2022,6.0,87
animation,8130,Luck,2022,6.4,105
animation,8130,Inside Out,2015,8.2,95
animation,8130,Toy Story,1995,8.3,81
animation,8130,Moana,2016,7.6,107
animation,8130,Megamind,2010,7.3,95
animation,8130,Shrek,2001,7.9,90
animation,8130,Despicable Me,2010,7.6,95
animation,8130,Kimi no na wa.,2016,8.4,106
animation,8130,Trick or Treat Scooby-Doo!,2022,5.7,72
animation,8130,Hercules,1997,7.3,93
animation,8130,Turning Red,2022,7.0,100
animation,8130,The Incredibles,2004,8.0,115
animation,8130,Zootopia,2016,8.0,108
animation,8130,Frankenweenie,2012,6.9,87
animation,8130,A Goofy Movie,1995,6.9,78
animation,8130,The Sea Beast,2022,7.1,115
animation,8130,The Lion King,2019,6.8,118
animation,8130,The Book of Life,2014,7.2,95
animation,8130,Hauru no ugoku shiro,2004,8.2,119
animation,8130,Tangled,2010,7.7,100
biography,8070,The Good Nurse,2022,6.9,121
biography,8070,Blonde,2022,5.5,167
biography,8070,Elvis,2022,7.4,159
biography,8070,Argentina, 1985,2022,7.9,140
biography,8070,The Wolf of Wall Street,2013,8.2,180
biography,8070,Father Stu,2022,6.5,124
biography,8070,Weird: The Al Yankovic Story,2022,7.3,108
biography,8070,Schindler's List,1993,9.0,195
biography,8070,Goodfellas,1990,8.7,145
biography,8070,The Greatest Showman,2017,7.5,105
biography,8070,Thirteen Lives,2022,7.8,147
biography,8070,House of Gucci,2021,6.6,158
biography,8070,Legend,2015,6.9,132
biography,8070,Emily,2022,7.3,130
biography,8070,Braveheart,1995,8.4,178
biography,8070,Ford v Ferrari,2019,8.1,152
biography,8070,Hacksaw Ridge,2016,8.1,139
biography,8070,My Friend Dahmer,2017,6.2,107
biography,8070,The King,2019,7.3,140
biography,8070,Bronson,2008,7.0,92
biography,8070,Green Book,2018,8.2,130
biography,8070,The Big Short,2015,7.8,130
biography,8070,Dahmer,2002,5.6,101
biography,8070,Hamilton,2020,8.4,160
biography,8070,Belfast,2021,7.3,98
biography,8070,The Irishman,2019,7.8,209
biography,8070,Amadeus,1984,8.4,160
biography,8070,Catch Me If You Can,2002,8.1,141
biography,8070,Bohemian Rhapsody,2018,7.9,134
biography,8070,The Pianist,2002,8.5,150
biography,8070,The Intouchables,2011,8.5,112
biography,8070,The Social Network,2010,7.8,120
biography,8070,Tombstone,1993,7.8,130
biography,8070,The Blind Side,2009,7.6,129
biography,8070,Spotlight,2015,8.1,129
biography,8070,The Imitation Game,2014,8.0,114
biography,8070,A Beautiful Mind,2001,8.2,135
biography,8070,Spencer,2021,6.6,117
biography,8070,Girl, Interrupted,1999,7.3,127
biography,8070,Hidden Figures,2016,7.8,127
biography,8070,Great Balls of Fire!,1989,6.3,108
biography,8070,Into the Wild,2007,8.1,148
biography,8070,12 Years a Slave,2013,8.1,134
biography,8070,The Theory of Everything,2014,7.7,123
biography,8070,Corsage,2022,7.1,113
biography,8070,The Sound of Music,1965,8.1,172
biography,8070,Monster,2003,7.3,109
biography,8070,Rush,2013,8.1,123
biography,8070,Molly's Game,2017,7.4,140
comedy,103572,The School for Good and Evil,2022,5.8,147
comedy,103572,Ticket to Paradise,2022,6.2,104
comedy,103572,Bullet Train,2022,7.3,127
comedy,103572,The Banshees of Inisherin,2022,8.2,109
comedy,103572,Hocus Pocus,1993,6.9,96
comedy,103572,Hocus Pocus 2,2022,6.0,103
comedy,103572,Triangle of Sadness,2022,7.9,147
comedy,103572,Amsterdam,2022,6.2,134
comedy,103572,Everything Everywhere All at Once,2022,8.1,139
comedy,103572,Raymond & Ray,2022,6.2,105
comedy,103572,The Curse of Bridge Hollow,2022,5.6,89
comedy,103572,Thor: Love and Thunder,2022,6.4,118
comedy,103572,Beetle Juice,1988,7.5,92
comedy,103572,Bros,2022,6.4,115
comedy,103572,The Menu,2022,7.5,106
comedy,103572,Glass Onion: A Knives Out Mystery,2022,8.1,139
comedy,103572,Lyle, Lyle, Crocodile,2022,6.3,106
comedy,103572,Rosaline,2022,6.4,95
comedy,103572,Bodies Bodies Bodies,2022,6.3,94
comedy,103572,The Rocky Horror Picture Show,1975,7.4,100
comedy,103572,The Lost City,2022,6.1,112
comedy,103572,The Munsters,2022,4.6,109
comedy,103572,Wendell & Wild,2022,6.6,105
comedy,103572,The Goonies,1985,7.7,114
comedy,103572,Trick 'r Treat,2007,6.7,82
comedy,103572,Bardo, falsa crónica de unas cuantas verdades,2022,7.5,159
comedy,103572,DC League of Super-Pets,2022,7.3,105
comedy,103572,Ghostbusters,1984,7.8,105
comedy,103572,Hubie Halloween,2020,5.2,103
comedy,103572,The Greatest Beer Run Ever,2022,6.8,126
comedy,103572,Casper,1995,6.1,100
comedy,103572,Knives Out,2019,7.9,130
comedy,103572,Slayers,2022,3.0,88
comedy,103572,The Addams Family,1991,6.9,99
comedy,103572,Practical Magic,1998,6.2,104
comedy,103572,Ghostbusters: Afterlife,2021,7.1,124
comedy,103572,Do Revenge,2022,6.3,118
comedy,103572,Deadstream,2022,6.6,87
comedy,103572,The Unbearable Weight of Massive Talent,2022,7.0,107
comedy,103572,The Wolf of Wall Street,2013,8.2,180
comedy,103572,Sing 2,2021,7.4,110
comedy,103572,Once Upon a Time... in Hollywood,2019,7.6,161
comedy,103572,Thank God,2022,6.2,121
comedy-romance,499375,Black Adam,2022,7.1,125
comedy-romance,499375,Barbarian,2022,7.2,102
comedy-romance,499375,Terrifier 2,2022,6.4,138
comedy-romance,499375,The School for Good and Evil,2022,5.8,147
comedy-romance,499375,The Good Nurse,2022,6.9,121
comedy-romance,499375,The Stranger,2022,6.6,117
comedy-romance,499375,Don't Worry Darling,2022,6.2,123
comedy-romance,499375,Halloween Ends,2022,5.0,111
comedy-romance,499375,Kantara,2022,9.1,148
comedy-romance,499375,Terrifier,2016,5.6,85
comedy-romance,499375,Im Westen nichts Neues,2022,7.9,148
comedy-romance,499375,Pearl,2022,7.1,103
comedy-romance,499375,Ticket to Paradise,2022,6.2,104
comedy-romance,499375,Smile,2022,6.8,115
comedy-romance,499375,X,2022,6.6,105
comedy-romance,499375,Bullet Train,2022,7.3,127
comedy-romance,499375,The Banshees of Inisherin,2022,8.2,109
comedy-romance,499375,Hocus Pocus,1993,6.9,96
comedy-romance,499375,Luckiest Girl Alive,2022,6.4,113
comedy-romance,499375,Hocus Pocus 2,2022,6.0,103
comedy-romance,499375,Triangle of Sadness,2022,7.9,147
comedy-romance,499375,Top Gun: Maverick,2022,8.4,130
comedy-romance,499375,Hellraiser,2022,6.0,121
comedy-romance,499375,Amsterdam,2022,6.2,134
comedy-romance,499375,Tár,2022,8.2,158
comedy-romance,499375,Nope,2022,6.9,130
comedy-romance,499375,Halloween,1978,7.7,91
comedy-romance,499375,Everything Everywhere All at Once,2022,8.1,139
comedy-romance,499375,Fall,2022,6.4,107
comedy-romance,499375,Prey for the Devil,2022,5.2,93
comedy-romance,499375,The Northman,2022,7.1,137
comedy-romance,499375,Raymond & Ray,2022,6.2,105
comedy-romance,499375,The Curse of Bridge Hollow,2022,5.6,89
comedy-romance,499375,Blonde,2022,5.5,167
comedy-romance,499375,Thor: Love and Thunder,2022,6.4,118
comedy-romance,499375,Beetle Juice,1988,7.5,92
comedy-romance,499375,Bros,2022,6.4,115
comedy-romance,499375,The Menu,2022,7.5,106
comedy-romance,499375,The Woman King,2022,6.7,135
comedy-romance,499375,The Black Phone,2021,6.9,103
comedy-romance,499375,The Batman,2022,7.9,176
comedy-romance,499375,Where the Crawdads Sing,2022,7.1,125
comedy-romance,499375,Mr. Harrigan's Phone,2022,6.0,104
comedy-romance,499375,Top Gun,1986,6.9,110
comedy-romance,499375,Elvis,2022,7.4,159
crime,35077,The Good Nurse,2022,6.9,121
crime,35077,The Stranger,2022,6.6,117
crime,35077,The Batman,2022,7.9,176
crime,35077,Glass Onion: A Knives Out Mystery,2022,8.1,139
crime,35077,American Psycho,2000,7.6,102
crime,35077,Halloween,2018,6.5,106
crime,35077,The Godfather,1972,9.2,175
crime,35077,Heojil kyolshim,2022,7.3,139
crime,35077,Argentina, 1985,2022,7.9,140
crime,35077,Lou,2022,6.1,107
crime,35077,DC League of Super-Pets,2022,7.3,105
crime,35077,Joker,2019,8.4,122
crime,35077,Knives Out,2019,7.9,130
crime,35077,Pulp Fiction,1994,8.9,154
crime,35077,The Dark Knight,2008,9.0,152
crime,35077,Blackout,2022,3.8,81
crime,35077,The Unbearable Weight of Massive Talent,2022,7.0,107
crime,35077,The Wolf of Wall Street,2013,8.2,180
crime,35077,American Murderer,2022,4.8,102
crime,35077,Enola Holmes 2,2022,6.9,129
crime,35077,The Silence of the Lambs,1991,8.6,118
crime,35077,Memory,2022,5.7,114
crime,35077,In Bruges,2008,7.9,107
crime,35077,Orphan: First Kill,2022,5.9,99
crime,35077,Se7en,1995,8.6,127
crime,35077,The Gentlemen,2019,7.8,113
crime,35077,Ambulance,2022,6.1,136
crime,35077,The Little Things,2021,6.3,128
crime,35077,Death on the Nile,2022,6.3,127
crime,35077,Enola Holmes,2020,6.6,123
crime,35077,Rapiniamo il Duce,2022,5.5,90
crime,35077,Nobody,2021,7.4,92
crime,35077,John Wick,2014,7.4,101
crime,35077,The Departed,2006,8.5,151
crime,35077,Léon,1994,8.5,110
crime,35077,Kick-Ass,2010,7.6,117
crime,35077,A Clockwork Orange,1971,8.3,136
crime,35077,Minions: The Rise of Gru,2022,6.6,87
crime,35077,Prisoners,2013,8.1,153
crime,35077,Goodfellas,1990,8.7,145
crime,35077,Accident Man 2,2022,5.9,96
crime,35077,Nightmare Alley,2021,7.0,150
crime,35077,Communion,1976,6.4,107
crime,35077,The Outsiders,1983,7.1,91
crime,35077,Scarface,1983,8.3,170
drama,220790,The School for Good and Evil,2022,5.8,147
drama,220790,The Good Nurse,2022,6.9,121
drama,220790,The Stranger,2022,6.6,117
drama,220790,Don't Worry Darling,2022,6.2,123
drama,220790,Kantara,2022,9.1,148
drama,220790,Im Westen nichts Neues,2022,7.9,148
drama,220790,The Banshees of Inisherin,2022,8.2,109
drama,220790,Luckiest Girl Alive,2022,6.4,113
drama,220790,Triangle of Sadness,2022,7.9,147
drama,220790,Top Gun: Maverick,2022,8.4,130
drama,220790,Amsterdam,2022,6.2,134
drama,220790,Tár,2022,8.2,158
drama,220790,The Northman,2022,7.1,137
drama,220790,Raymond & Ray,2022,6.2,105
drama,220790,Blonde,2022,5.5,167
drama,220790,The Woman King,2022,6.7,135
drama,220790,The Batman,2022,7.9,176
drama,220790,Where the Crawdads Sing,2022,7.1,125
drama,220790,Mr. Harrigan's Phone,2022,6.0,104
drama,220790,Top Gun,1986,6.9,110
drama,220790,Elvis,2022,7.4,159
drama,220790,Watcher,2022,6.3,91
drama,220790,Midsommar,2019,7.1,148
drama,220790,Glass Onion: A Knives Out Mystery,2022,8.1,139
drama,220790,The Lord of the Rings: The Fellowship of the Ring,2001,8.8,178
drama,220790,American Psycho,2000,7.6,102
drama,220790,The Whale,2022,8.6,117
drama,220790,The Shawshank Redemption,1994,9.3,142
drama,220790,Armageddon Time,2022,6.9,115
drama,220790,The Godfather,1972,9.2,175
drama,220790,The VVitch: A New-England Folktale,2015,6.9,92
drama,220790,Heojil kyolshim,2022,7.3,139
drama,220790,My Policeman,2022,6.6,113
drama,220790,Till,2022,7.6,130
drama,220790,Interstellar,2014,8.6,169
drama,220790,Blade of the 47 Ronin,2022,4.6,107
drama,220790,Prey,2022,7.2,99
drama,220790,Argentina, 1985,2022,7.9,140
drama,220790,The Shining,1980,8.4,146
drama,220790,Grimcutty,2022,4.3,101
drama,220790,Bardo, falsa crónica de unas cuantas verdades,2022,7.5,159
drama,220790,Lou,2022,6.1,107
drama,220790,Hereditary,2018,7.3,127
drama,220790,Dune: Part One,2021,8.0,155
drama,220790,Joker,2019,8.4,122
drama,220790,20th Century Girl,2022,7.3,119
family,16883,Hocus Pocus,1993,6.9,96
family,16883,Hocus Pocus 2,2022,6.0,103
family,16883,The Curse of Bridge Hollow,2022,5.6,89
family,16883,The Nightmare Before Christmas,1993,7.9,76
family,16883,Lyle, Lyle, Crocodile,2022,6.3,106
family,16883,Harry Potter and the Sorcerer's Stone,2001,7.6,152
family,16883,The Munsters,2022,4.6,109
family,16883,Wendell & Wild,2022,6.6,105
family,16883,The Goonies,1985,7.7,114
family,16883,DC League of Super-Pets,2022,7.3,105
family,16883,Casper,1995,6.1,100
family,16883,Sing 2,2021,7.4,110
family,16883,Coraline,2009,7.7,100
family,16883,Pinocchio,2022,7.8,117
family,16883,Scooby-Doo,2002,5.2,89
family,16883,Pinocchio,2022,5.1,105
family,16883,Corpse Bride,2005,7.3,77
family,16883,Sing,2016,7.1,108
family,16883,Fantastic Beasts: The Secrets of Dumbledore,2022,6.2,142
family,16883,Minions: The Rise of Gru,2022,6.6,87
family,16883,Roald Dahl's Matilda the Musical,2022,6.0,117
family,16883,Hotel Transylvania,2012,7.0,91
family,16883,Coco,2017,8.4,105
family,16883,Encanto,2021,7.2,102
family,16883,Harry Potter and the Chamber of Secrets,2002,7.4,161
family,16883,Harry Potter and the Goblet of Fire,2005,7.7,157
family,16883,Monster House,2006,6.6,91
family,16883,Sonic the Hedgehog 2,2022,6.5,122
family,16883,The Bad Guys,2022,6.8,100
family,16883,The Princess Bride,1987,8.0,98
family,16883,The Haunted Mansion,2003,5.1,99
family,16883,Ponniyin Selvan: I,2022,8.1,167
family,16883,Matilda,1996,6.9,98
family,16883,E.T. the Extra-Terrestrial,1982,7.9,115
family,16883,Harry Potter and the Deathly Hallows: Part 2,2011,8.1,130
family,16883,Home Alone,1990,7.7,103
family,16883,The Addams Family,2019,5.8,86
family,16883,Spy Kids 3: Game Over,2003,4.3,84
family,16883,Lightyear,2022,6.0,100
family,16883,A Christmas Story,1983,7.9,93
family,16883,Harry Potter and the Prisoner of Azkaban,2004,7.9,142
family,16883,Stardust,2007,7.6,127
family,16883,Sen to Chihiro no kamikakushi,2001,8.6,125
family,16883,The Karate Kid,1984,7.3,126
fantasy,16863,Black Adam,2022,7.1,125
fantasy,16863,The School for Good and Evil,2022,5.8,147
fantasy,16863,Hocus Pocus,1993,6.9,96
fantasy,16863,Hocus Pocus 2,2022,6.0,103
fantasy,16863,Everything Everywhere All at Once,2022,8.1,139
fantasy,16863,The Northman,2022,7.1,137
fantasy,16863,Thor: Love and Thunder,2022,6.4,118
fantasy,16863,Beetle Juice,1988,7.5,92
fantasy,16863,The Nightmare Before Christmas,1993,7.9,76
fantasy,16863,The Lord of the Rings: The Fellowship of the Ring,2001,8.8,178
fantasy,16863,Lyle, Lyle, Crocodile,2022,6.3,106
fantasy,16863,Harry Potter and the Sorcerer's Stone,2001,7.6,152
fantasy,16863,The VVitch: A New-England Folktale,2015,6.9,92
fantasy,16863,Blade of the 47 Ronin,2022,4.6,107
fantasy,16863,The Munsters,2022,4.6,109
fantasy,16863,Wendell & Wild,2022,6.6,105
fantasy,16863,Spider-Man: No Way Home,2021,8.3,148
fantasy,16863,DC League of Super-Pets,2022,7.3,105
fantasy,16863,Ghostbusters,1984,7.8,105
fantasy,16863,Casper,1995,6.1,100
fantasy,16863,Slayers,2022,3.0,88
fantasy,16863,The Addams Family,1991,6.9,99
fantasy,16863,Practical Magic,1998,6.2,104
fantasy,16863,Dracula,1992,7.4,128
fantasy,16863,Interview with the Vampire: The Vampire Chronicles,1994,7.5,123
fantasy,16863,Ghostbusters: Afterlife,2021,7.1,124
fantasy,16863,Avatar,2009,7.8,162
fantasy,16863,Sleepy Hollow,1999,7.3,105
fantasy,16863,Doctor Strange in the Multiverse of Madness,2022,6.9,126
fantasy,16863,Thank God,2022,6.2,121
fantasy,16863,The Legend of Maula Jatt,2022,8.9,153
fantasy,16863,The Lord of the Rings: The Return of the King,2003,9.0,201
fantasy,16863,Doctor Sleep,2019,7.3,152
fantasy,16863,Coraline,2009,7.7,100
fantasy,16863,Shazam!,2019,7.0,132
fantasy,16863,Men,2022,6.1,100
fantasy,16863,Suspiria,2018,6.7,152
fantasy,16863,Pinocchio,2022,7.8,117
fantasy,16863,Scooby-Doo,2002,5.2,89
fantasy,16863,It Chapter Two,2019,6.5,169
fantasy,16863,Edward Scissorhands,1990,7.9,105
fantasy,16863,Pinocchio,2022,5.1,105
fantasy,16863,Zack Snyder's Justice League,2021,8.0,242
fantasy,16863,Corpse Bride,2005,7.3,77
film-noir,939,All Through the Night,1942,7.1,107
film-noir,939,Rebecca,1940,8.1,130
film-noir,939,In a Lonely Place,1950,7.9,94
film-noir,939,Sunset Blvd.,1950,8.4,110
film-noir,939,Stranger on the Third Floor,1940,6.8,64
film-noir,939,The Third Man,1949,8.1,104
film-noir,939,Double Indemnity,1944,8.3,107
film-noir,939,The Maltese Falcon,1941,8.0,100
film-noir,939,Crossroads,1942,6.7,83
film-noir,939,Touch of Evil,1958,8.0,95
film-noir,939,The Night of the Hunter,1955,8.0,92
film-noir,939,Scandal Sheet,1952,7.4,82
film-noir,939,A Woman's Secret,1949,6.0,84
film-noir,939,Strangers on a Train,1951,7.9,101
film-noir,939,Born to Be Bad,1950,6.7,94
film-noir,939,They Live by Night,1948,7.4,95
film-noir,939,On Dangerous Ground,1951,7.2,82
film-noir,939,Notorious,1946,7.9,102
film-noir,939,Shadow of a Doubt,1943,7.8,108
film-noir,939,The Big Sleep,1946,7.9,114
film-noir,939,The Killing,1956,8.0,84
film-noir,939,Murder Is My Beat,1955,6.0,77
film-noir,939,Out of the Past,1947,8.0,97
film-noir,939,Laura,1944,7.9,88
film-noir,939,Suspicion,1941,7.3,99
film-noir,939,Caged,1950,7.6,96
film-noir,939,Tight Spot,1955,6.6,97
film-noir,939,Niagara,1953,7.0,92
film-noir,939,The Asphalt Jungle,1950,7.8,112
film-noir,939,Island of Lost Souls,1932,7.4,70
film-noir,939,Scarface,1932,7.7,93
film-noir,939,Impact,1949,7.0,111
film-noir,939,Don't Bother to Knock,1952,6.8,76
film-noir,939,Nightmare Alley,1947,7.7,110
film-noir,939,Key Largo,1948,7.7,100
film-noir,939,Phone Call from a Stranger,1952,7.0,105
film-noir,939,To Have and Have Not,1944,7.8,100
film-noir,939,Gilda,1946,7.6,110
film-noir,939,Mildred Pierce,1945,7.9,111
film-noir,939,The Lady from Shanghai,1947,7.5,87
film-noir,939,Spellbound,1945,7.5,111
film-noir,939,Murder by an Aristocrat,1936,5.6,60
film-noir,939,Sweet Smell of Success,1957,8.0,96
film-noir,939,Marked Woman,1937,7.1,96
film-noir,939,The Red House,1947,6.7,100
film-noir,939,Each Dawn I Die,1939,7.3,92
film-noir,939,The Stranger,1946,7.3,95
film-noir,939,Ace in the Hole,1951,8.1,111
film-noir,939,The Postman Always Rings Twice,1946,7.4,113
film-noir,939,Scarlet Street,1945,7.8,102
history,8852,Amsterdam,2022,6.2,134
history,8852,The Northman,2022,7.1,137
history,8852,The Woman King,2022,6.7,135
history,8852,Argentina, 1985,2022,7.9,140
history,8852,Call Jane,2022,6.7,121
history,8852,The Legend of Maula Jatt,2022,8.9,153
history,8852,Medieval,2022,5.9,126
history,8852,Rapiniamo il Duce,2022,5.5,90
history,8852,Schindler's List,1993,9.0,195
history,8852,Ponniyin Selvan: I,2022,8.1,167
history,8852,Black Hawk Down,2001,7.7,144
history,8852,Braveheart,1995,8.4,178
history,8852,Troy,2004,7.3,163
history,8852,Robin Hood,2010,6.6,140
history,8852,Hacksaw Ridge,2016,8.1,139
history,8852,The King,2019,7.3,140
history,8852,The Last Duel,2021,7.4,152
history,8852,Dunkirk,2017,7.8,106
history,8852,The Big Short,2015,7.8,130
history,8852,Hamilton,2020,8.4,160
history,8852,Zero Dark Thirty,2012,7.4,157
history,8852,The Courier,2020,7.1,112
history,8852,Tombstone,1993,7.8,130
history,8852,Caligola,1979,5.3,156
history,8852,The Revenant,2015,8.0,156
history,8852,Hidden Figures,2016,7.8,127
history,8852,13 Hours,2016,7.3,144
history,8852,12 Years a Slave,2013,8.1,134
history,8852,Kingdom of Heaven,2005,7.2,144
history,8852,Corsage,2022,7.1,113
history,8852,The Patriot,2000,7.2,165
history,8852,Lo imposible,2012,7.5,114
history,8852,21,2008,6.8,123
history,8852,47 Ronin,2013,6.2,128
history,8852,The King's Speech,2010,8.0,118
history,8852,Der Untergang,2004,8.2,156
history,8852,The Favourite,2018,7.5,119
history,8852,The Last of the Mohicans,1992,7.7,112
history,8852,Pearl Harbor,2001,6.2,183
history,8852,Foxcatcher,2014,7.0,134
history,8852,Empire of the Sun,1987,7.7,153
history,8852,The Thin Red Line,1998,7.6,170
history,8852,Midway,2019,6.7,138
history,8852,Se, jie,2007,7.5,157
history,8852,Greyhound,2020,7.0,91
history,8852,Apollo 13,1995,7.7,140
horror,35974,Barbarian,2022,7.2,102
horror,35974,Terrifier 2,2022,6.4,138
horror,35974,Halloween Ends,2022,5.0,111
horror,35974,Terrifier,2016,5.6,85
horror,35974,Pearl,2022,7.1,103
horror,35974,Smile,2022,6.8,115
horror,35974,X,2022,6.6,105
horror,35974,Hocus Pocus,1993,6.9,96
horror,35974,Hellraiser,2022,6.0,121
horror,35974,Nope,2022,6.9,130
horror,35974,Halloween,1978,7.7,91
horror,35974,Prey for the Devil,2022,5.2,93
horror,35974,The Curse of Bridge Hollow,2022,5.6,89
horror,35974,The Menu,2022,7.5,106
horror,35974,The Black Phone,2021,6.9,103
horror,35974,Mr. Harrigan's Phone,2022,6.0,104
horror,35974,Watcher,2022,6.3,91
horror,35974,Midsommar,2019,7.1,148
horror,35974,American Psycho,2000,7.6,102
horror,35974,Hellraiser,1987,6.9,94
horror,35974,Jaula,2022,6.0,106
horror,35974,V/H/S/99,2022,5.1,109
horror,35974,Halloween,2018,6.5,106
horror,35974,It,2017,7.3,135
horror,35974,Bodies Bodies Bodies,2022,6.3,94
horror,35974,Scream,2022,6.3,114
horror,35974,The Rocky Horror Picture Show,1975,7.4,100
horror,35974,Scream,1996,7.4,111
horror,35974,Matriarch,2022,4.4,85
horror,35974,Halloween Kills,2021,5.5,105
horror,35974,A Nightmare on Elm Street,1984,7.4,91
horror,35974,The VVitch: A New-England Folktale,2015,6.9,92
horror,35974,Friday the 13th,1980,6.4,95
horror,35974,Prey,2022,7.2,99
horror,35974,The Munsters,2022,4.6,109
horror,35974,The Shining,1980,8.4,146
horror,35974,Wendell & Wild,2022,6.6,105
horror,35974,Jeepers Creepers: Reborn,2022,2.5,88
horror,35974,Trick 'r Treat,2007,6.7,82
horror,35974,Grimcutty,2022,4.3,101
horror,35974,Hellhole,2022,5.6,91
horror,35974,Hereditary,2018,7.3,127
horror,35974,Poltergeist,1982,7.3,114
horror,35974,The Lair,2022,4.6,96
horror,35974,The Invitation,2022,5.2,105
horror,35974,All Hallows' Eve,2013,5.1,83
horror,35974,Slayers,2022,3.0,88
horror,35974,The Conjuring,2013,7.5,112
horror,35974,The Exorcist,1973,8.1,122
music,7516,Tár,2022,8.2,158
music,7516,Elvis,2022,7.4,159
music,7516,Weird: The Al Yankovic Story,2022,7.3,108
music,7516,Entergalactic,2022,7.4,93
music,7516,Whiplash,2014,8.5,106
music,7516,Coco,2017,8.4,105
music,7516,CODA,2021,8.0,111
music,7516,Purple Hearts,2022,6.7,122
music,7516,Pitch Perfect,2012,7.1,112
music,7516,Green Book,2018,8.2,130
music,7516,I Used to Be Famous,2022,6.6,104
music,7516,Amadeus,1984,8.4,160
music,7516,La La Land,2016,8.0,128
music,7516,Bohemian Rhapsody,2018,7.9,134
music,7516,The Pianist,2002,8.5,150
music,7516,Footloose,1984,6.6,107
music,7516,Studio 666,2022,5.7,106
music,7516,Coyote Ugly,2000,5.7,100
music,7516,Baby Driver,2017,7.6,113
music,7516,Almost Famous,2000,7.9,122
music,7516,The Blues Brothers,1980,7.9,133
music,7516,Dirty Dancing,1987,7.0,100
music,7516,Great Balls of Fire!,1989,6.3,108
music,7516,8 Mile,2002,7.2,110
music,7516,O Brother, Where Art Thou?,2000,7.7,107
music,7516,Sound of Metal,2019,7.7,120
music,7516,Torn Hearts,2022,5.2,97
music,7516,Green Room,2015,7.0,95
music,7516,A Star Is Born,2018,7.6,136
music,7516,Climax,2018,6.9,97
music,7516,Footloose,2011,5.8,113
music,7516,School of Rock,2003,7.2,109
music,7516,Taurus,2022,5.0,98
music,7516,9 Songs,2004,4.8,71
music,7516,Marry Me,2022,6.1,112
music,7516,Soul,2020,8.0,100
music,7516,Dirty Dancing: Havana Nights,2004,5.9,86
music,7516,Some Like It Hot,1959,8.2,121
music,7516,Trick or Treat,1986,5.8,98
music,7516,Metal Lords,2022,6.7,97
music,7516,Wayne's World,1992,7.0,94
music,7516,La pianiste,2001,7.5,131
music,7516,Saturday Night Fever,1977,6.8,118
music,7516,The Wedding Singer,1998,6.9,97
music,7516,Sister Act,1992,6.5,100
music,7516,Bill & Ted Face the Music,2020,5.9,91
music,7516,The Dirt,2019,7.0,107
music,7516,Pitch Perfect 2,2015,6.4,115
music,7516,Yesterday,2019,6.8,116
musical,10594,The Nightmare Before Christmas,1993,7.9,76
musical,10594,Lyle, Lyle, Crocodile,2022,6.3,106
musical,10594,The Rocky Horror Picture Show,1975,7.4,100
musical,10594,Sing 2,2021,7.4,110
musical,10594,Pinocchio,2022,7.8,117
musical,10594,Pinocchio,2022,5.1,105
musical,10594,Corpse Bride,2005,7.3,77
musical,10594,Sing,2016,7.1,108
musical,10594,Little Shop of Horrors,1986,7.1,94
musical,10594,Roald Dahl's Matilda the Musical,2022,6.0,117
musical,10594,Encanto,2021,7.2,102
musical,10594,The Greatest Showman,2017,7.5,105
musical,10594,Grease,1978,7.2,110
musical,10594,Labyrinth,1986,7.3,101
musical,10594,The Lion King,1994,8.5,88
musical,10594,Charlie and the Chocolate Factory,2005,6.7,115
musical,10594,The Wizard of Oz,1939,8.1,102
musical,10594,Beauty and the Beast,2017,7.1,129
musical,10594,Les Misérables,2012,7.5,158
musical,10594,Sweeney Todd: The Demon Barber of Fleet Street,2007,7.3,116
musical,10594,Hamilton,2020,8.4,160
musical,10594,The Ballad of Buster Scruggs,2018,7.3,133
musical,10594,La La Land,2016,8.0,128
musical,10594,Frozen,2013,7.4,102
musical,10594,The Phantom of the Opera,2004,7.2,143
musical,10594,Moana,2016,7.6,107
musical,10594,Annie,1982,6.6,126
musical,10594,The Blues Brothers,1980,7.9,133
musical,10594,West Side Story,2021,7.2,156
musical,10594,Aladdin,2019,6.9,128
musical,10594,Hercules,1997,7.3,93
musical,10594,Willy Wonka & the Chocolate Factory,1971,7.8,100
musical,10594,A Goofy Movie,1995,6.9,78
musical,10594,The Lion King,2019,6.8,118
musical,10594,The Sound of Music,1965,8.1,172
musical,10594,The Book of Life,2014,7.2,95
musical,10594,Tangled,2010,7.7,100
musical,10594,Beauty and the Beast,1991,8.0,84
musical,10594,Mary Poppins,1964,7.8,139
musical,10594,Moulin Rouge!,2001,7.6,127
musical,10594,Enchanted,2007,7.1,107
musical,10594,The Little Mermaid,1989,7.6,83
musical,10594,Into the Woods,2014,5.9,125
musical,10594,Aladdin,1992,8.0,90
mystery,18304,X,2022,6.6,105
mystery,18304,Luckiest Girl Alive,2022,6.4,113
mystery,18304,Hellraiser,2022,6.0,121
mystery,18304,Amsterdam,2022,6.2,134
mystery,18304,Nope,2022,6.9,130
mystery,18304,Where the Crawdads Sing,2022,7.1,125
mystery,18304,Mr. Harrigan's Phone,2022,6.0,104
mystery,18304,Midsommar,2019,7.1,148
mystery,18304,Glass Onion: A Knives Out Mystery,2022,8.1,139
mystery,18304,Jaula,2022,6.0,106
mystery,18304,Scream,2022,6.3,114
mystery,18304,Scream,1996,7.4,111
mystery,18304,The VVitch: A New-England Folktale,2015,6.9,92
mystery,18304,Heojil kyolshim,2022,7.3,139
mystery,18304,Friday the 13th,1980,6.4,95
mystery,18304,Jeepers Creepers: Reborn,2022,2.5,88
mystery,18304,Grimcutty,2022,4.3,101
mystery,18304,Lou,2022,6.1,107
mystery,18304,Hereditary,2018,7.3,127
mystery,18304,Hubie Halloween,2020,5.2,103
mystery,18304,Knives Out,2019,7.9,130
mystery,18304,The Conjuring,2013,7.5,112
mystery,18304,Sleepy Hollow,1999,7.3,105
mystery,18304,Last Seen Alive,2022,5.6,95
mystery,18304,Enola Holmes 2,2022,6.9,129
mystery,18304,The Thing,1982,8.2,109
mystery,18304,Get Out,2017,7.7,104
mystery,18304,Last Night in Soho,2021,7.1,116
mystery,18304,See How They Run,2022,6.6,98
mystery,18304,Friday the 13th,2009,5.5,97
mystery,18304,Significant Other,2022,5.7,84
mystery,18304,Orphan: First Kill,2022,5.9,99
mystery,18304,Suspiria,2018,6.7,152
mystery,18304,Se7en,1995,8.6,127
mystery,18304,Scooby-Doo,2002,5.2,89
mystery,18304,Eyes Wide Shut,1999,7.5,159
mystery,18304,Terror Train,2022,4.3,90
mystery,18304,The Little Things,2021,6.3,128
mystery,18304,Death on the Nile,2022,6.3,127
mystery,18304,Enola Holmes,2020,6.6,123
mystery,18304,Blade Runner 2049,2017,8.0,164
mystery,18304,It Follows,2014,6.8,100
mystery,18304,Halloween III: Season of the Witch,1982,5.1,98
mystery,18304,Shutter Island,2010,8.2,138
mystery,18304,Carrie,1976,7.4,98
mystery,18304,Jeepers Creepers,2001,6.2,90
mystery,18304,The Ring,2002,7.1,115
romance,51002,Ticket to Paradise,2022,6.2,104
romance,51002,Blonde,2022,5.5,167
romance,51002,Thor: Love and Thunder,2022,6.4,118
romance,51002,Bros,2022,6.4,115
romance,51002,Rosaline,2022,6.4,95
romance,51002,The Lost City,2022,6.1,112
romance,51002,Heojil kyolshim,2022,7.3,139
romance,51002,My Policeman,2022,6.6,113
romance,51002,20th Century Girl,2022,7.3,119
romance,51002,Practical Magic,1998,6.2,104
romance,51002,Dracula,1992,7.4,128
romance,51002,Bones and All,2022,7.0,130
romance,51002,Licorice Pizza,2021,7.2,133
romance,51002,Edward Scissorhands,1990,7.9,105
romance,51002,Forrest Gump,1994,8.8,142
romance,51002,Titanic,1997,7.9,194
romance,51002,After Ever Happy,2022,4.5,119
romance,51002,Corpse Bride,2005,7.3,77
romance,51002,Entergalactic,2022,7.4,93
romance,51002,Little Shop of Horrors,1986,7.1,94
romance,51002,Stars at Noon,2022,5.4,135
romance,51002,365 dni,2020,3.3,114
romance,51002,Fifty Shades of Grey,2015,4.1,125
romance,51002,10 Things I Hate About You,1999,7.3,97
romance,51002,Laal Singh Chaddha,2022,5.4,159
romance,51002,Clueless,1995,6.9,97
romance,51002,Call Me by Your Name,2017,7.8,132
romance,51002,Little Women,2019,7.8,135
romance,51002,Three Thousand Years of Longing,2022,6.7,108
romance,51002,Ah-ga-ssi,2016,8.1,145
romance,51002,This Is 40,2012,6.2,134
romance,51002,Sita Ramam,2022,8.5,163
romance,51002,Eternal Sunshine of the Spotless Mind,2004,8.3,108
romance,51002,Twilight,2008,5.3,122
romance,51002,The Princess Bride,1987,8.0,98
romance,51002,After,2019,5.3,105
romance,51002,Verdens verste menneske,2021,7.8,128
romance,51002,The Dreamers,2003,7.1,115
romance,51002,Good Will Hunting,1997,8.3,126
romance,51002,Love Actually,2003,7.6,135
romance,51002,About Time,2013,7.8,123
romance,51002,Låt den rätte komma in,2008,7.9,114
romance,51002,Grease,1978,7.2,110
romance,51002,Love,2015,6.1,135
romance,51002,The Notebook,2004,7.8,123
romance,51002,The Blue Lagoon,1980,5.8,104
sci-fi,16281,Black Adam,2022,7.1,125
sci-fi,16281,Nope,2022,6.9,130
sci-fi,16281,Everything Everywhere All at Once,2022,8.1,139
sci-fi,16281,Thor: Love and Thunder,2022,6.4,118
sci-fi,16281,Interstellar,2014,8.6,169
sci-fi,16281,Prey,2022,7.2,99
sci-fi,16281,Jurassic World: Dominion,2022,5.7,147
sci-fi,16281,The Munsters,2022,4.6,109
sci-fi,16281,Spider-Man: No Way Home,2021,8.3,148
sci-fi,16281,DC League of Super-Pets,2022,7.3,105
sci-fi,16281,Ghostbusters,1984,7.8,105
sci-fi,16281,Dune: Part One,2021,8.0,155
sci-fi,16281,Avengers: Endgame,2019,8.4,181
sci-fi,16281,Rogue One,2016,7.8,133
sci-fi,16281,Ghostbusters: Afterlife,2021,7.1,124
sci-fi,16281,Avatar,2009,7.8,162
sci-fi,16281,Doctor Strange in the Multiverse of Madness,2022,6.9,126
sci-fi,16281,Black Panther,2018,7.3,134
sci-fi,16281,The Thing,1982,8.2,109
sci-fi,16281,Back to the Future,1985,8.5,116
sci-fi,16281,Inception,2010,8.8,148
sci-fi,16281,Morbius,2022,5.2,104
sci-fi,16281,Significant Other,2022,5.7,84
sci-fi,16281,The Suicide Squad,2021,7.2,132
sci-fi,16281,The Mist,2007,7.1,126
sci-fi,16281,Blade Runner 2049,2017,8.0,164
sci-fi,16281,Zack Snyder's Justice League,2021,8.0,242
sci-fi,16281,Vesper,2022,6.0,114
sci-fi,16281,Bride of Frankenstein,1935,7.8,75
sci-fi,16281,Man of Steel,2013,7.1,143
sci-fi,16281,The Hunger Games,2012,7.2,142
sci-fi,16281,Tenet,2020,7.3,150
sci-fi,16281,Halloween III: Season of the Witch,1982,5.1,98
sci-fi,16281,Alien,1979,8.5,117
sci-fi,16281,Titane,2021,6.6,108
sci-fi,16281,Jurassic Park,1993,8.2,127
sci-fi,16281,Samaritan,2022,5.7,102
sci-fi,16281,A Clockwork Orange,1971,8.3,136
sci-fi,16281,The Matrix,1999,8.7,136
sci-fi,16281,Ready Player One,2018,7.4,140
sci-fi,16281,Minions: The Rise of Gru,2022,6.6,87
sci-fi,16281,Eternals,2021,6.3,156
sci-fi,16281,Moonfall,2022,5.1,130
sci-fi,16281,Ant-Man,2015,7.3,117
short-film,499375,Black Adam,2022,7.1,125
short-film,499375,Barbarian,2022,7.2,102
short-film,499375,Terrifier 2,2022,6.4,138
short-film,499375,The School for Good and Evil,2022,5.8,147
short-film,499375,The Good Nurse,2022,6.9,121
short-film,499375,The Stranger,2022,6.6,117
short-film,499375,Don't Worry Darling,2022,6.2,123
short-film,499375,Halloween Ends,2022,5.0,111
short-film,499375,Kantara,2022,9.1,148
short-film,499375,Terrifier,2016,5.6,85
short-film,499375,Im Westen nichts Neues,2022,7.9,148
short-film,499375,Pearl,2022,7.1,103
short-film,499375,Ticket to Paradise,2022,6.2,104
short-film,499375,Smile,2022,6.8,115
short-film,499375,X,2022,6.6,105
short-film,499375,Bullet Train,2022,7.3,127
short-film,499375,The Banshees of Inisherin,2022,8.2,109
short-film,499375,Hocus Pocus,1993,6.9,96
short-film,499375,Luckiest Girl Alive,2022,6.4,113
short-film,499375,Hocus Pocus 2,2022,6.0,103
short-film,499375,Triangle of Sadness,2022,7.9,147
short-film,499375,Top Gun: Maverick,2022,8.4,130
short-film,499375,Hellraiser,2022,6.0,121
short-film,499375,Amsterdam,2022,6.2,134
short-film,499375,Tár,2022,8.2,158
short-film,499375,Nope,2022,6.9,130
short-film,499375,Halloween,1978,7.7,91
short-film,499375,Everything Everywhere All at Once,2022,8.1,139
short-film,499375,Fall,2022,6.4,107
short-film,499375,Prey for the Devil,2022,5.2,93
short-film,499375,The Northman,2022,7.1,137
short-film,499375,Raymond & Ray,2022,6.2,105
short-film,499375,The Curse of Bridge Hollow,2022,5.6,89
short-film,499375,Blonde,2022,5.5,167
short-film,499375,Thor: Love and Thunder,2022,6.4,118
short-film,499375,Beetle Juice,1988,7.5,92
short-film,499375,Bros,2022,6.4,115
short-film,499375,The Menu,2022,7.5,106
short-film,499375,The Woman King,2022,6.7,135
short-film,499375,The Black Phone,2021,6.9,103
short-film,499375,The Batman,2022,7.9,176
short-film,499375,Where the Crawdads Sing,2022,7.1,125
short-film,499375,Mr. Harrigan's Phone,2022,6.0,104
short-film,499375,Top Gun,1986,6.9,110
short-film,499375,Elvis,2022,7.4,159
sport,5191,Hustle,2022,7.3,117
sport,5191,Ford v Ferrari,2019,8.1,152
sport,5191,The Karate Kid,1984,7.3,126
sport,5191,Cars,2006,7.2,117
sport,5191,A League of Their Own,1992,7.3,128
sport,5191,Happy Gilmore,1996,7.0,92
sport,5191,Rocky,1976,8.1,120
sport,5191,The Blind Side,2009,7.6,129
sport,5191,Creed,2015,7.6,133
sport,5191,Warrior,2011,8.2,140
sport,5191,Dodgeball: A True Underdog Story,2004,6.7,92
sport,5191,The Sandlot,1993,7.8,101
sport,5191,17 Again,2009,6.4,102
sport,5191,The Waterboy,1998,6.1,90
sport,5191,Ski Patrol,1990,5.1,91
sport,5191,Creed II,2018,7.1,130
sport,5191,Bring It On,2000,6.1,98
sport,5191,Rush,2013,8.1,123
sport,5191,Molly's Game,2017,7.4,140
sport,5191,King Richard,2021,7.5,144
sport,5191,Moneyball,2011,7.6,133
sport,5191,Fighting with My Family,2019,7.1,108
sport,5191,Remember the Titans,2000,7.8,113
sport,5191,Foxcatcher,2014,7.0,134
sport,5191,Talladega Nights: The Ballad of Ricky Bobby,2006,6.6,108
sport,5191,The Mighty Ducks,1992,6.5,104
sport,5191,The Fighter,2010,7.8,116
sport,5191,In from the Side,2022,8.0,134
sport,5191,Jerry Maguire,1996,7.3,139
sport,5191,Nacho Libre,2006,5.8,92
sport,5191,Sous emprise,2022,5.8,118
sport,5191,She's the Man,2006,6.3,105
sport,5191,The Karate Kid Part III,1989,5.3,112
sport,5191,Major League,1989,7.2,107
sport,5191,Million Dollar Baby,2004,8.1,132
sport,5191,Liger,2022,2.9,140
sport,5191,Space Jam: A New Legacy,2021,4.5,115
sport,5191,Any Given Sunday,1999,6.9,162
sport,5191,I, Tonya,2017,7.5,119
sport,5191,Southpaw,2015,7.3,124
sport,5191,Unbroken,2014,7.2,137
sport,5191,American Underdog,2021,7.1,112
sport,5191,Caddyshack,1980,7.2,98
sport,5191,Never Back Down,2008,6.5,113
sport,5191,Raging Bull,1980,8.2,129
sport,5191,The Bad News Bears,1976,7.3,102
sport,5191,The Karate Kid,2010,6.2,140
sport,5191,Rudy,1993,7.5,114
superhero,499375,Black Adam,2022,7.1,125
superhero,499375,Barbarian,2022,7.2,102
superhero,499375,Terrifier 2,2022,6.4,138
superhero,499375,The School for Good and Evil,2022,5.8,147
superhero,499375,The Good Nurse,2022,6.9,121
superhero,499375,The Stranger,2022,6.6,117
superhero,499375,Don't Worry Darling,2022,6.2,123
superhero,499375,Halloween Ends,2022,5.0,111
superhero,499375,Kantara,2022,9.1,148
superhero,499375,Terrifier,2016,5.6,85
superhero,499375,Im Westen nichts Neues,2022,7.9,148
superhero,499375,Pearl,2022,7.1,103
superhero,499375,Ticket to Paradise,2022,6.2,104
superhero,499375,Smile,2022,6.8,115
superhero,499375,X,2022,6.6,105
superhero,499375,Bullet Train,2022,7.3,127
superhero,499375,The Banshees of Inisherin,2022,8.2,109
superhero,499375,Hocus Pocus,1993,6.9,96
superhero,499375,Luckiest Girl Alive,2022,6.4,113
superhero,499375,Hocus Pocus 2,2022,6.0,103
superhero,499375,Triangle of Sadness,2022,7.9,147
superhero,499375,Top Gun: Maverick,2022,8.4,130
superhero,499375,Hellraiser,2022,6.0,121
superhero,499375,Amsterdam,2022,6.2,134
superhero,499375,Tár,2022,8.2,158
superhero,499375,Nope,2022,6.9,130
superhero,499375,Halloween,1978,7.7,91
superhero,499375,Everything Everywhere All at Once,2022,8.1,139
superhero,499375,Fall,2022,6.4,107
superhero,499375,Prey for the Devil,2022,5.2,93
superhero,499375,The Northman,2022,7.1,137
superhero,499375,Raymond & Ray,2022,6.2,105
superhero,499375,The Curse of Bridge Hollow,2022,5.6,89
superhero,499375,Blonde,2022,5.5,167
superhero,499375,Thor: Love and Thunder,2022,6.4,118
superhero,499375,Beetle Juice,1988,7.5,92
superhero,499375,Bros,2022,6.4,115
superhero,499375,The Menu,2022,7.5,106
superhero,499375,The Woman King,2022,6.7,135
superhero,499375,The Black Phone,2021,6.9,103
superhero,499375,The Batman,2022,7.9,176
superhero,499375,Where the Crawdads Sing,2022,7.1,125
superhero,499375,Mr. Harrigan's Phone,2022,6.0,104
superhero,499375,Top Gun,1986,6.9,110
superhero,499375,Elvis,2022,7.4,159
thriller,52344,Barbarian,2022,7.2,102
thriller,52344,The Good Nurse,2022,6.9,121
thriller,52344,The Stranger,2022,6.6,117
thriller,52344,Don't Worry Darling,2022,6.2,123
thriller,52344,Halloween Ends,2022,5.0,111
thriller,52344,Kantara,2022,9.1,148
thriller,52344,Terrifier,2016,5.6,85
thriller,52344,X,2022,6.6,105
thriller,52344,Bullet Train,2022,7.3,127
thriller,52344,Luckiest Girl Alive,2022,6.4,113
thriller,52344,Hellraiser,2022,6.0,121
thriller,52344,Amsterdam,2022,6.2,134
thriller,52344,Nope,2022,6.9,130
thriller,52344,Halloween,1978,7.7,91
thriller,52344,Fall,2022,6.4,107
thriller,52344,Prey for the Devil,2022,5.2,93
thriller,52344,The Northman,2022,7.1,137
thriller,52344,The Menu,2022,7.5,106
thriller,52344,The Black Phone,2021,6.9,103
thriller,52344,The Batman,2022,7.9,176
thriller,52344,Where the Crawdads Sing,2022,7.1,125
thriller,52344,Watcher,2022,6.3,91
thriller,52344,Midsommar,2019,7.1,148
thriller,52344,Glass Onion: A Knives Out Mystery,2022,8.1,139
thriller,52344,Hellraiser,1987,6.9,94
thriller,52344,Jaula,2022,6.0,106
thriller,52344,Halloween,2018,6.5,106
thriller,52344,Bodies Bodies Bodies,2022,6.3,94
thriller,52344,Scream,2022,6.3,114
thriller,52344,Halloween Kills,2021,5.5,105
thriller,52344,The VVitch: A New-England Folktale,2015,6.9,92
thriller,52344,Heojil kyolshim,2022,7.3,139
thriller,52344,Friday the 13th,1980,6.4,95
thriller,52344,Prey,2022,7.2,99
thriller,52344,Jurassic World: Dominion,2022,5.7,147
thriller,52344,Jeepers Creepers: Reborn,2022,2.5,88
thriller,52344,Grimcutty,2022,4.3,101
thriller,52344,Lou,2022,6.1,107
thriller,52344,Hereditary,2018,7.3,127
thriller,52344,Detective Knight: Rogue,2022,3.5,105
thriller,52344,The Gray Man,2022,6.5,122
thriller,52344,Poltergeist,1982,7.3,114
thriller,52344,Joker,2019,8.4,122
thriller,52344,The Invitation,2022,5.2,105
thriller,52344,Knives Out,2019,7.9,130
thriller,52344,All Hallows' Eve,2013,5.1,83
thriller,52344,The Conjuring,2013,7.5,112
war,9796,Im Westen nichts Neues,2022,7.9,148
war,9796,The Greatest Beer Run Ever,2022,6.8,126
war,9796,Inglourious Basterds,2009,8.3,153
war,9796,Medieval,2022,5.9,126
war,9796,All Quiet on the Western Front,1930,8.1,152
war,9796,Brothers,2009,7.1,105
war,9796,1917,2019,8.2,119
war,9796,Pan's Labyrinth,2006,8.2,118
war,9796,Wonder Woman,2017,7.4,141
war,9796,Jojo Rabbit,2019,7.9,108
war,9796,Black Hawk Down,2001,7.7,144
war,9796,Malèna,2000,7.4,108
war,9796,Apocalypse Now,1979,8.5,147
war,9796,Braveheart,1995,8.4,178
war,9796,Saving Private Ryan,1998,8.6,169
war,9796,Hacksaw Ridge,2016,8.1,139
war,9796,The King,2019,7.3,140
war,9796,Operation Mincemeat,2021,6.6,128
war,9796,Dunkirk,2017,7.8,106
war,9796,La vita è bella,1997,8.6,116
war,9796,The Dirty Dozen,1967,7.7,150
war,9796,Full Metal Jacket,1987,8.3,116
war,9796,The Pianist,2002,8.5,150
war,9796,Zero Dark Thirty,2012,7.4,157
war,9796,The Courier,2020,7.1,112
war,9796,Idi i smotri,1985,8.4,142
war,9796,Devotion,2022,6.4,138
war,9796,Barry Lyndon,1975,8.1,185
war,9796,De slag om de Schelde,2020,7.1,124
war,9796,Fury,2014,7.5,134
war,9796,The Imitation Game,2014,8.0,114
war,9796,Atonement,2007,7.8,123
war,9796,Crimson Tide,1995,7.3,116
war,9796,13 Hours,2016,7.3,144
war,9796,Tropic Thunder,2008,7.0,107
war,9796,Kingdom of Heaven,2005,7.2,144
war,9796,Casablanca,1942,8.5,102
war,9796,Legends of the Fall,1994,7.5,133
war,9796,The Patriot,2000,7.2,165
war,9796,Platoon,1986,8.1,120
war,9796,American Sniper,2014,7.3,133
war,9796,Dr. Strangelove or: How I Learned to Stop Worrying and Love the Bomb,1964,8.4,95
war,9796,Hotaru no haka,1988,8.5,89
war,9796,Der Untergang,2004,8.2,156
war,9796,War Dogs,2016,7.1,114
war,9796,The Last of the Mohicans,1992,7.7,112
war,9796,Gone with the Wind,1939,8.2,238
war,9796,Darkest Hour,2017,7.4,125
western,9071,Django Unchained,2012,8.4,165
western,9071,Il buono, il brutto, il cattivo,1966,8.8,161
western,9071,The Ballad of Buster Scruggs,2018,7.3,133
western,9071,The Hateful Eight,2015,7.8,168
western,9071,Tombstone,1993,7.8,130
western,9071,City Slickers,1991,6.8,113
western,9071,The Power of the Dog,2021,6.8,126
western,9071,The Revenant,2015,8.0,156
western,9071,The Harder They Fall,2021,6.6,139
western,9071,The Devil's Rejects,2005,6.7,107
western,9071,Blazing Saddles,1974,7.7,93
western,9071,Legends of the Fall,1994,7.5,133
western,9071,Bone Tomahawk,2015,7.1,132
western,9071,Wind River,2017,7.7,107
western,9071,Hostiles,2017,7.2,134
western,9071,Once Upon a Time in the West,1968,8.5,165
western,9071,Unforgiven,1992,8.2,130
western,9071,Hell or High Water,2016,7.6,102
western,9071,Wyatt Earp,1994,6.7,191
western,9071,Cowboys & Aliens,2011,6.0,119
western,9071,True Grit,2010,7.6,110
western,9071,Old Henry,2021,7.2,99
western,9071,Dead for a Dollar,2022,5.2,107
western,9071,3:10 to Yuma,2007,7.7,122
western,9071,Almost Heroes,1998,5.7,90
western,9071,The Magnificent Seven,2016,6.8,132
western,9071,3:10 to Yuma,1957,7.6,92
western,9071,Back to the Future Part III,1990,7.4,118
western,9071,Terror on the Prairie,2022,5.5,107
western,9071,High Plains Drifter,1973,7.4,105
western,9071,Dances with Wolves,1990,8.0,181
western,9071,The Dark Tower,2017,5.6,95
western,9071,The Homesman,2014,6.6,122
western,9071,Westworld,1973,6.9,88
western,9071,Rango,2011,7.2,107
western,9071,Young Guns,1988,6.8,107
western,9071,Cry Macho,2021,5.7,104
western,9071,Butch Cassidy and the Sundance Kid,1969,8.0,110
western,9071,Silverado,1985,7.2,133
western,9071,The Longest Ride,2015,7.0,123
western,9071,The Mask of Zorro,1998,6.8,136
western,9071,The Assassination of Jesse James by the Coward Robert Ford,2007,7.5,160
western,9071,Per un pugno di dollari,1964,7.9,99
western,9071,Desperado,1995,7.1,104
western,9071,Maverick,1994,7.0,127
western,9071,Forsaken,2015,6.3,90
western,9071,News of the World,2020,6.8,118